Post_ID,Post_Date,Post_Type,Caption_Length,Hashtags_Used,Likes,Comments,Shares,Saves,Reach,Impressions,Follower_Count
P0001,2024-01-23,Video,36,20,13099,1739,606,1241,21444,36705,5147
P0002,2024-01-18,Story,5,5,914,568,165,426,10859,12290,5023
P0003,2024-08-09,Reel,9,0,16829,776,1567,1437,27010,36077,4993
P0004,2025-05-07,Reel,49,4,10641,1599,10,113,22188,26901,5032
P0005,2024-12-01,Image,8,8,2543,1612,1324,1168,12064,21621,5177
P0006,2025-05-20,Image,20,11,10557,1688,728,302,22204,31639,5226
P0007,2025-08-16,Image,28,25,10480,1889,800,743,16942,21940,4935
P0008,2024-10-07,Story,20,13,7883,1603,101,587,12634,12796,5521
P0009,2025-02-02,Reel,6,1,11573,1338,1448,986,22890,24864,5710
P0010,2024-09-13,Reel,32,16,17468,889,1415,344,21664,41339,5881
P0011,2025-05-18,Image,36,13,15428,1271,778,813,24562,33023,5496
P0012,2024-02-16,Story,31,25,927,1521,213,800,6490,23505,5271
P0013,2024-01-08,Reel,24,12,7247,1394,1714,1024,14843,32132,5477
P0014,2024-06-30,Image,28,26,4551,1358,1111,1170,15827,17841,5675
P0015,2025-04-06,Image,16,8,15443,1135,1576,1310,20927,30760,6050
P0016,2025-08-10,Image,39,25,13735,230,400,1076,16477,24373,6210
P0017,2024-08-09,Video,37,24,6059,829,587,1327,16642,16846,6239
P0018,2025-06-22,Video,37,14,226,222,888,1092,10107,27072,6162
P0019,2024-04-29,Video,47,24,19661,941,1069,360,30498,39530,6183
P0020,2024-03-31,Image,41,21,8895,757,1695,1243,21824,27171,6288
P0021,2025-08-22,Reel,16,14,11741,510,1486,1009,16091,18734,6643
P0022,2025-05-30,Image,7,23,7296,263,591,703,15130,23147,5751
P0023,2025-05-18,Image,5,29,11659,1916,1333,574,19018,37699,6061
P0024,2024-03-08,Video,37,10,3468,1802,1109,1184,14010,31268,6698
P0025,2025-05-23,Video,44,15,3897,1545,91,1112,9639,15199,6064
P0026,2024-01-12,Reel,14,28,15214,1801,1683,687,22604,38496,6067
P0027,2024-07-31,Image,47,16,13818,58,672,780,17712,32243,6543
P0028,2024-02-11,Video,48,25,1892,1075,713,584,9113,26186,6450
P0029,2024-01-12,Reel,33,3,11153,731,935,588,19086,23086,6995
P0030,2024-05-07,Image,17,0,3576,693,1951,1182,14512,28801,7025
P0031,2024-06-01,Reel,16,7,3517,1549,241,488,12725,29780,6820
P0032,2024-09-22,Image,35,16,1745,1127,1888,970,13384,21311,7082
P0033,2024-06-07,Image,6,2,14855,1048,1,1347,24239,39801,6673
P0034,2024-08-02,Story,39,28,19514,1918,224,1404,28297,29468,7147
P0035,2025-05-22,Story,27,19,19356,1781,800,1125,30087,42005,7392
P0036,2024-02-06,Reel,21,14,3172,1601,1768,493,11384,20519,7208
P0037,2024-09-29,Video,30,14,1954,1919,1996,18,7076,13418,6880
P0038,2025-02-25,Image,12,23,4762,1518,1949,1477,15381,33214,7237
P0039,2024-03-09,Reel,33,21,6614,423,1952,396,18533,30462,7039
P0040,2024-07-11,Video,30,13,2808,694,588,1000,10668,13207,7555
P0041,2025-01-26,Image,14,25,11794,854,115,1302,20013,23972,7173
P0042,2025-07-19,Video,30,27,9624,66,1689,850,13908,27091,7081
P0043,2025-05-18,Image,38,22,19991,1173,917,1388,33043,38475,7682
P0044,2024-10-05,Story,45,13,6556,220,1126,1354,16162,34907,7307
P0045,2024-10-20,Image,11,23,4312,7,193,1367,14970,16723,7569
P0046,2024-05-06,Reel,8,1,13324,164,1189,821,22905,41227,7894
P0047,2025-08-13,Video,49,12,8070,1767,870,454,20461,30584,7688
P0048,2025-04-03,Video,15,25,17020,785,89,724,20756,37132,7721
P0049,2025-07-14,Video,33,13,1725,1148,1709,1088,11841,18429,8105
P0050,2025-02-01,Image,40,26,10414,897,121,1099,19959,26263,8096
P0051,2024-12-12,Story,29,23,8073,1117,142,710,11924,19269,8183
P0052,2024-04-11,Reel,25,18,8677,333,993,142,12048,27400,7992
P0053,2025-05-04,Story,40,6,8170,584,105,916,19286,19883,8413
P0054,2025-07-09,Story,14,2,8766,1938,886,827,16209,35655,7719
P0055,2024-09-07,Reel,41,14,3700,1385,427,604,15627,17963,7634
P0056,2024-05-07,Story,13,22,6883,1638,1328,1496,12264,22143,8201
P0057,2024-08-27,Image,28,13,13326,1295,1895,1440,22973,23545,8105
P0058,2025-05-08,Image,39,10,9246,1645,1994,304,16991,24512,8469
P0059,2024-10-29,Image,39,14,5071,956,316,735,15435,21606,8601
P0060,2024-07-22,Video,40,27,13590,1351,1986,290,25587,44061,8374
P0061,2024-08-09,Video,22,12,17689,639,634,101,25256,39248,8596
P0062,2025-02-23,Image,43,17,13051,992,1925,1290,18525,30386,8901
P0063,2024-06-26,Reel,36,25,12412,1569,8,866,17399,29863,8385
P0064,2024-11-06,Video,28,5,2090,1677,773,967,7556,9189,8236
P0065,2024-11-19,Image,27,2,5399,1223,1096,973,15331,33232,8724
P0066,2024-05-13,Video,36,18,13097,925,1382,841,20461,32946,8780
P0067,2024-10-31,Image,41,14,13572,742,222,961,20478,31327,8282
P0068,2024-03-18,Reel,16,24,4480,1360,1439,941,16618,20266,8506
P0069,2025-08-05,Image,17,22,4857,174,552,1026,13657,28834,9015
P0070,2025-01-15,Story,27,4,19197,525,1393,84,23992,37132,8472
P0071,2024-10-09,Reel,29,27,10495,1491,715,327,18365,36286,8842
P0072,2024-11-18,Image,39,9,16341,44,1287,815,26745,41102,9151
P0073,2025-04-26,Image,45,6,5688,1565,1863,1473,17882,31250,9081
P0074,2024-06-16,Reel,34,24,17450,1289,1713,453,29043,32180,9639
P0075,2024-01-16,Reel,21,16,5044,1423,1883,628,17471,17568,8848
P0076,2024-06-05,Reel,24,6,13495,959,1341,1244,23546,34953,9064
P0077,2024-08-06,Reel,29,21,19916,1254,1107,1177,29496,42218,9299
P0078,2024-10-26,Image,26,25,17172,988,1341,664,29757,42681,9151
P0079,2025-03-05,Video,17,29,4343,1152,110,11,12472,16222,9897
P0080,2025-01-23,Image,23,11,10016,979,250,1156,21334,29869,9327
P0081,2025-01-04,Story,40,24,10084,42,382,303,18691,23357,9685
P0082,2024-10-24,Reel,16,16,1859,332,6,1316,6398,22407,9243
P0083,2024-04-12,Video,45,12,9281,1279,458,974,16760,33754,10186
P0084,2025-04-07,Image,23,19,2582,1929,1107,1323,8112,9839,9505
P0085,2024-10-06,Video,16,24,1051,1204,207,782,3907,5761,9765
P0086,2025-04-06,Video,13,3,2179,1630,899,42,13906,24706,9890
P0087,2025-07-21,Reel,11,9,2817,918,1413,943,11183,16238,9580
P0088,2024-03-27,Reel,32,2,9792,458,1337,342,17224,27495,10343
P0089,2025-05-08,Story,18,8,7411,41,21,1349,14120,32828,9715
P0090,2024-10-22,Video,35,12,18549,1344,409,497,27335,40154,9942
P0091,2025-05-24,Image,23,17,868,1716,894,363,6696,16065,10326
P0092,2025-08-18,Reel,20,14,5590,977,514,890,14358,23641,10144
P0093,2024-02-12,Reel,9,3,15634,800,1150,426,26471,39642,10498
P0094,2024-02-28,Reel,39,14,6745,1993,808,1004,16877,22651,10517
P0095,2024-05-05,Reel,16,21,5332,977,1723,20,17289,23808,10572
P0096,2024-12-10,Video,29,1,11585,597,873,406,18680,29663,10795
P0097,2025-05-08,Video,25,14,5897,1142,13,618,8763,26896,10850
P0098,2024-10-10,Video,40,7,19819,1068,970,1014,28210,43149,10715
P0099,2025-08-01,Image,27,7,12442,1329,977,335,22977,23758,11077
P0100,2024-05-31,Image,20,16,8138,228,1013,1140,14512,30794,10496
P0101,2024-05-06,Image,43,11,16102,322,1035,1147,25270,32093,11219
P0102,2024-07-08,Reel,49,18,13187,353,86,398,17196,35685,10959
P0103,2024-04-13,Video,46,9,4973,119,1547,792,12131,19324,10983
P0104,2025-01-27,Video,43,8,1581,702,908,714,4421,6534,10821
P0105,2025-05-04,Story,18,4,10193,1351,1560,50,16845,33125,11052
P0106,2024-07-07,Image,35,5,19935,1596,1324,323,24070,37635,11001
P0107,2024-04-05,Video,9,19,14522,1068,1266,788,26760,36943,11232
P0108,2025-01-28,Reel,39,25,16538,1894,121,140,25465,43426,11381
P0109,2025-04-02,Image,27,1,7743,44,1170,469,10497,19700,11100
P0110,2025-06-12,Image,33,26,19946,1887,1590,786,28340,46998,11681
P0111,2025-04-10,Image,47,23,15808,1777,749,1357,26363,42158,10886
P0112,2025-08-23,Image,15,26,11371,1317,1379,963,24842,43652,10973
P0113,2025-01-10,Story,22,12,17316,1290,684,1007,27974,41463,11654
P0114,2024-01-31,Reel,16,5,12700,220,1927,372,24152,29698,11306
P0115,2025-05-30,Reel,13,4,11098,1175,1756,493,18919,25771,11409
P0116,2025-03-19,Story,14,24,14395,340,1654,750,25762,28313,11844
P0117,2024-02-26,Reel,48,0,10782,1196,308,1179,16244,22655,11801
P0118,2024-01-15,Image,21,20,16480,96,694,290,27040,43431,11244
P0119,2024-12-16,Story,42,21,8619,357,287,1167,18381,37320,12196
P0120,2024-01-31,Video,11,20,19794,575,306,105,30186,30661,12088
P0121,2024-05-19,Reel,17,5,3400,1599,1835,1443,9552,19955,12334
P0122,2025-08-09,Story,44,5,6822,820,1617,669,17297,24536,12230
P0123,2025-04-07,Video,46,22,7318,1709,1989,1,13764,20474,11595
P0124,2024-10-17,Image,13,15,3154,785,913,588,13028,21106,11749
P0125,2024-11-19,Image,31,3,13675,367,1746,643,17009,19294,12055
P0126,2024-10-10,Video,6,29,8070,561,661,89,17961,23184,12481
P0127,2024-10-02,Reel,9,10,2243,1373,548,1368,13131,26652,12562
P0128,2025-07-24,Story,33,29,9603,1721,1375,349,17474,32363,12749
P0129,2024-12-08,Image,41,29,15249,1198,311,1482,27787,34758,12100
P0130,2025-01-30,Video,42,29,19022,360,872,1286,29380,49289,12801
P0131,2024-12-22,Video,23,23,12275,195,1082,1374,22509,34040,12158
P0132,2025-05-07,Image,12,22,8456,1695,1666,1131,19678,34399,12569
P0133,2025-06-15,Image,49,8,15170,426,923,1062,27304,46510,12181
P0134,2024-04-05,Video,5,22,922,704,1737,908,9711,14654,12833
P0135,2025-02-20,Story,26,2,17427,11,754,158,22121,28651,12555
P0136,2025-06-19,Video,21,18,14389,137,34,958,19474,30590,12786
P0137,2024-07-10,Video,11,7,6250,1775,444,311,17068,17326,12832
P0138,2024-08-26,Reel,29,4,4525,561,92,1264,15541,15823,13121
P0139,2025-01-06,Video,49,3,16132,830,1973,444,27529,41466,12491
P0140,2024-01-20,Story,8,23,2298,765,1982,297,8553,10451,12918
P0141,2025-07-27,Story,40,5,3552,1059,1230,951,8960,13095,13188
P0142,2025-08-11,Image,10,1,9206,539,352,35,10779,17408,13208
P0143,2025-03-21,Video,35,19,13959,430,902,1107,23318,34486,13150
P0144,2024-01-13,Video,23,27,17792,1422,1355,1475,22909,42493,13298
P0145,2025-05-15,Image,48,10,8805,676,1840,1408,17760,18372,13429
P0146,2024-06-11,Image,43,3,10212,367,861,1195,18465,32668,13195
P0147,2024-06-17,Reel,31,14,4941,1465,1748,1399,15563,32634,13777
P0148,2025-04-28,Video,14,5,15458,1698,158,1385,27953,30260,13273
P0149,2024-09-11,Image,30,21,1509,1579,1977,558,15087,22220,13276
P0150,2024-06-28,Image,23,16,4666,1955,956,890,15460,26665,13295
P0151,2024-10-28,Story,43,29,11482,86,23,140,17670,23576,13175
P0152,2024-07-23,Image,7,23,18039,360,403,886,26699,29290,14089
P0153,2025-05-24,Image,49,5,14696,1286,804,1141,25931,41080,13477
P0154,2024-10-05,Video,17,18,904,1746,515,1300,6211,18361,13685
P0155,2024-05-24,Story,32,29,13321,593,731,725,19709,26892,13559
P0156,2024-11-29,Image,24,24,1379,1552,1387,1243,14612,24714,14214
P0157,2024-01-11,Reel,32,1,13292,299,1405,1049,18921,38909,13749
P0158,2025-05-11,Reel,12,14,7183,1990,531,520,13733,30786,14309
P0159,2024-12-04,Image,45,10,11193,1252,955,9,23063,24346,14528
P0160,2025-04-05,Reel,43,7,17871,1553,151,983,22885,23808,14596
P0161,2024-09-20,Video,5,25,12980,1074,1585,377,23495,24620,14025
P0162,2025-01-10,Reel,7,18,15617,1695,1712,681,28774,30303,13938
P0163,2024-04-21,Reel,17,12,19163,1141,946,583,26618,35056,14356
P0164,2024-01-01,Video,32,11,2206,1261,607,151,11635,27789,13888
P0165,2024-04-03,Image,29,4,16186,21,1640,719,27627,35631,14024
P0166,2024-12-19,Reel,37,5,4931,364,419,1072,9482,19234,14177
P0167,2024-07-17,Video,42,25,19252,1251,1273,1177,27200,37792,14932
P0168,2025-06-02,Image,10,21,3286,870,1140,858,15497,19361,14348
P0169,2024-07-12,Image,48,3,2673,704,865,1316,12036,12262,14534
P0170,2024-05-30,Reel,49,18,12908,452,1535,49,21051,36087,14688
P0171,2024-06-30,Reel,36,19,2699,860,1763,663,7254,18993,14535
P0172,2024-07-26,Image,49,0,4133,369,577,530,6889,23537,15094
P0173,2025-07-10,Video,25,19,8528,679,334,1083,17427,27014,14632
P0174,2024-10-13,Image,20,16,1404,1012,1441,1190,9530,21279,14851
P0175,2025-07-23,Reel,25,11,17785,1354,931,1225,30509,31154,14577
P0176,2024-03-05,Image,15,14,19025,471,1797,856,23170,39469,15185
P0177,2025-08-09,Reel,41,0,18535,418,294,145,29019,48393,15004
P0178,2024-04-21,Video,40,25,8733,1483,1961,914,21160,34835,15253
P0179,2024-01-29,Story,39,13,11472,590,754,992,20092,38980,15128
P0180,2024-07-31,Image,23,5,9096,1261,1394,1462,18296,29260,15131
P0181,2025-01-03,Video,24,4,16558,1252,185,241,24682,40769,14887
P0182,2024-09-18,Image,22,29,5575,998,1269,580,13863,27400,15820
P0183,2025-07-07,Story,45,10,7284,1859,636,686,17232,30501,15926
P0184,2024-12-27,Story,18,3,12975,1440,1291,482,23816,33162,15620
P0185,2025-06-14,Image,19,12,1722,576,1666,1131,8056,8643,15073
P0186,2024-05-27,Reel,35,10,16088,339,1260,1249,20121,32884,15288
P0187,2024-01-04,Reel,5,2,8141,1250,529,672,13252,22429,15522
P0188,2025-04-20,Reel,7,0,16825,41,1575,630,26602,30681,16081
P0189,2024-03-03,Video,20,5,18558,993,20,660,26072,29420,16072
P0190,2024-03-13,Image,27,17,8092,282,910,661,10483,28582,15780
P0191,2024-11-15,Image,15,23,15746,1224,1760,1455,25560,36345,15582
P0192,2024-04-12,Story,16,9,17129,920,866,804,21475,33803,15600
P0193,2025-04-21,Story,14,4,4363,1892,793,418,15663,22113,15673
P0194,2024-07-06,Reel,36,22,14160,488,1543,987,19874,33104,16406
P0195,2024-07-03,Video,20,9,15256,1270,99,1478,25768,31201,15657
P0196,2024-11-08,Video,12,11,8746,1352,751,1183,12833,13931,15736
P0197,2024-06-14,Reel,42,1,11764,735,477,649,21652,28748,15754
P0198,2024-04-23,Story,16,12,3069,196,1622,968,12736,31446,16148
P0199,2025-05-21,Story,28,7,3128,1045,1321,589,7229,18668,15920
P0200,2024-01-26,Reel,32,1,19165,528,939,1100,31021,40108,16463
P0201,2024-08-19,Reel,12,19,3729,922,525,508,15037,31058,16632
P0202,2024-10-03,Image,32,0,3167,405,333,440,9175,15591,16842
P0203,2025-05-29,Image,40,4,6041,1934,1,1277,16756,23736,16192
P0204,2024-06-21,Story,30,8,17870,890,374,920,24091,42149,16744
P0205,2024-01-28,Reel,12,16,19350,709,292,769,26178,37279,16569
P0206,2025-07-16,Image,32,8,11655,26,836,1343,20939,28889,17175
P0207,2024-03-17,Image,32,10,13181,478,1957,262,24852,33974,17224
P0208,2025-02-09,Reel,41,14,6919,1148,1004,1397,15050,27626,17040
P0209,2025-05-10,Image,45,23,11146,214,552,636,17231,18320,16708
P0210,2024-12-26,Image,40,5,17817,310,317,1190,28786,33364,16916
P0211,2025-03-20,Video,31,22,2811,1298,1525,458,10346,19473,17201
P0212,2025-05-02,Reel,21,2,4953,708,1851,998,10734,21221,17523
P0213,2025-07-17,Reel,13,29,7815,691,380,1303,12065,12220,16654
P0214,2025-03-01,Image,37,16,9042,289,1646,699,20882,22840,16901
P0215,2024-08-27,Reel,24,4,15607,720,13,301,26035,36728,17183
P0216,2024-11-30,Image,17,29,15926,1704,503,1241,21527,27871,17387
P0217,2025-03-04,Video,32,27,1862,767,230,1125,6550,12329,17710
P0218,2024-01-08,Reel,33,11,15950,1255,1107,553,19387,23217,17127
P0219,2024-02-16,Reel,17,17,12212,952,129,287,16540,25586,17550
P0220,2024-03-28,Reel,39,13,12752,385,1766,1190,22519,32313,17197
P0221,2024-01-02,Reel,10,20,6222,464,837,620,14894,15335,17893
P0222,2024-06-27,Reel,22,23,581,1035,1168,1005,13785,28263,17832
P0223,2024-07-22,Image,9,10,14636,33,890,35,23389,28017,17423
P0224,2024-10-16,Video,29,8,253,911,1880,743,7587,13957,17722
P0225,2024-07-17,Image,6,1,7717,1061,27,352,15936,25464,18249
P0226,2024-12-14,Image,14,11,1624,1674,65,72,12488,29820,18380
P0227,2025-04-24,Story,34,2,2220,883,1186,647,12789,24354,17869
P0228,2024-04-12,Video,49,2,15148,83,1252,1376,22086,30265,17934
P0229,2024-01-04,Story,9,0,2443,1956,260,1093,12524,28537,18043
P0230,2025-02-26,Reel,37,7,5236,951,1472,424,14578,31421,18097
P0231,2024-02-14,Reel,5,21,1340,463,1447,998,14224,14616,17805
P0232,2025-08-14,Video,22,27,160,574,459,707,2914,15044,18131
P0233,2024-06-29,Reel,36,28,9230,1566,1975,560,14279,32450,18611
P0234,2024-06-29,Video,15,7,18123,1510,1699,827,28678,39127,18732
P0235,2024-05-01,Image,25,10,12412,1458,300,955,20968,38490,18714
P0236,2024-03-02,Reel,30,8,13450,742,918,516,24159,31577,18542
P0237,2024-12-22,Image,29,4,12518,1313,1326,427,18604,21058,18348
P0238,2025-07-20,Image,26,13,1352,520,286,159,5898,23659,18472
P0239,2025-04-28,Reel,31,27,8463,1127,1418,148,13084,28307,19067
P0240,2025-04-19,Image,17,29,9750,401,1033,775,16426,23127,18883
P0241,2024-03-14,Story,37,2,18806,1517,1730,1253,30251,32848,18880
P0242,2025-08-18,Story,38,20,16414,43,629,66,26766,26907,18749
P0243,2025-02-01,Story,45,4,4190,1299,269,1013,9430,12089,18571
P0244,2024-04-09,Video,39,4,7060,891,591,380,14554,23585,18910
P0245,2024-12-01,Image,5,18,3104,801,1993,57,9002,24039,19314
P0246,2024-01-27,Story,25,26,16813,161,1628,1282,23363,37333,18570
P0247,2024-12-29,Video,10,13,3740,1103,1801,341,10134,15795,18984
P0248,2024-06-18,Story,32,25,1441,888,843,1153,13330,19472,19278
P0249,2024-12-31,Story,21,29,11955,1828,861,726,18953,31062,19588
P0250,2025-02-06,Story,9,3,438,1158,1384,1195,5712,14499,19202
P0251,2024-06-09,Image,35,24,5995,1715,1280,769,13748,23844,19662
P0252,2024-12-09,Video,9,12,12354,978,132,613,22181,30653,19808
P0253,2025-04-30,Story,42,9,19192,1112,1299,1232,30879,47686,19316
P0254,2024-10-28,Video,7,24,11444,1050,1799,353,17780,22029,19341
P0255,2024-01-18,Image,27,17,1850,1487,1706,1494,11020,25969,19497
P0256,2024-10-28,Reel,41,7,2521,1567,971,115,7452,9202,19691
P0257,2025-05-21,Story,41,7,7219,1735,512,1287,19155,37506,19244
P0258,2024-03-09,Reel,14,6,5419,853,312,661,12855,16943,19783
P0259,2024-04-15,Reel,14,7,15996,1410,575,1465,25135,40417,20056
P0260,2024-03-02,Image,23,13,12018,752,885,452,21985,41315,20007
P0261,2024-11-09,Reel,21,18,13949,1468,1307,286,18634,28275,19553
P0262,2025-01-02,Story,25,28,4973,1632,1144,1326,10272,15347,19886
P0263,2025-03-12,Image,18,5,4906,993,1130,1016,10724,21136,19876
P0264,2024-09-02,Video,13,0,8692,25,1956,310,16734,32420,20018
P0265,2024-03-17,Story,5,22,12282,307,686,207,23217,30447,20614
P0266,2025-06-27,Reel,49,14,19641,873,1227,617,24787,40219,19919
P0267,2025-01-25,Reel,17,0,16874,1983,164,445,20979,31981,20305
P0268,2025-04-29,Reel,8,24,12145,88,304,669,13932,27879,20617
P0269,2025-03-13,Video,5,16,4530,1802,1520,632,16305,29991,20119
P0270,2025-06-04,Image,44,0,8920,1687,1655,54,14644,32559,20741
P0271,2025-01-02,Reel,36,14,4332,1981,1579,911,17212,30286,20096
P0272,2024-04-19,Reel,38,22,11222,1481,1847,1035,21673,41047,20940
P0273,2024-04-11,Story,32,1,15123,1415,155,656,19872,24365,20331
P0274,2025-07-06,Story,35,13,8107,1535,1390,1423,17921,35238,20685
P0275,2024-12-11,Video,12,20,18005,1285,1742,979,28402,29862,21139
P0276,2025-08-19,Video,43,7,9118,574,1925,514,13711,27851,20743
P0277,2024-02-24,Reel,30,7,1600,1920,619,236,9911,29018,20437
P0278,2024-08-11,Reel,38,18,6837,938,1274,1302,13414,24118,20497
P0279,2024-02-02,Reel,7,6,3394,1555,956,347,10044,26713,20979
P0280,2024-06-15,Reel,16,18,18903,1190,1939,626,26744,43392,20657
P0281,2025-03-09,Story,5,5,19526,1985,1905,1127,29474,36290,20668
P0282,2024-08-21,Video,48,5,4597,1191,333,629,14091,25730,21471
P0283,2024-11-10,Video,9,2,17950,1860,1665,1271,29889,44313,20694
P0284,2024-07-29,Image,34,6,714,1013,968,363,7517,21482,20803
P0285,2025-04-19,Reel,34,18,9474,797,510,320,11762,29908,21420
P0286,2025-02-10,Image,21,7,19707,796,1316,285,23197,34437,21539
P0287,2024-02-17,Video,27,9,2767,1552,1043,148,9400,9440,21674
P0288,2025-04-07,Video,19,19,13509,1814,281,1107,23208,29035,21146
P0289,2024-01-11,Image,41,14,16614,1299,796,405,25968,34227,21372
P0290,2024-08-09,Reel,25,14,3083,496,1024,977,6743,24114,21857
P0291,2024-04-18,Image,18,28,12751,212,118,455,23360,38209,21194
P0292,2025-01-30,Image,6,0,8330,1567,1058,799,12795,29027,21234
P0293,2024-12-23,Reel,15,19,6740,1612,197,1184,15666,23470,21663
P0294,2024-07-05,Video,43,29,11879,1088,484,1012,20056,39638,21927
P0295,2025-04-01,Image,42,6,15417,434,1780,783,19781,25155,21847
P0296,2025-02-26,Video,38,26,17404,989,1082,459,29057,31581,22317
P0297,2024-10-08,Reel,42,3,7664,1685,836,737,16891,26168,21570
P0298,2024-08-28,Image,38,28,15620,1633,1184,508,25701,44564,22255
P0299,2025-05-31,Reel,22,5,13837,1337,1008,480,26560,36445,21854
P0300,2025-03-09,Image,34,24,9423,524,690,113,12419,13197,21701
P0301,2024-03-24,Image,19,0,15329,595,1229,748,19231,20723,21759
P0302,2024-12-26,Video,31,28,11813,1055,1035,360,16414,33458,21913
P0303,2024-04-02,Video,38,4,8602,1714,489,340,12781,30513,22294
P0304,2024-12-26,Reel,42,26,19725,1590,275,769,25669,39284,22167
P0305,2024-08-09,Reel,37,22,645,203,692,760,11467,23599,22829
P0306,2024-02-28,Story,28,0,4446,391,241,968,7565,17743,22651
P0307,2024-08-17,Video,19,29,10096,353,1239,448,17873,25724,22399
P0308,2025-03-30,Video,34,3,15875,964,1274,834,20730,37018,22946
P0309,2025-01-11,Reel,46,21,14019,1968,1834,1203,20183,27339,22970
P0310,2025-08-14,Image,21,1,3910,697,125,1430,8672,10716,22585
P0311,2024-08-03,Video,9,9,7306,1564,216,1219,19395,26763,22607
P0312,2025-06-07,Image,33,4,9105,1856,1329,1489,16012,35912,23268
P0313,2024-11-14,Image,8,26,16471,382,1820,310,21608,35243,23277
P0314,2025-08-19,Story,14,9,12416,903,1208,261,17459,26627,22989
P0315,2024-09-07,Reel,21,0,18516,920,1062,1442,30706,47817,22847
P0316,2024-05-09,Reel,14,21,8536,1586,1246,405,15744,27072,22966
P0317,2024-01-08,Video,21,5,13084,531,1207,142,24492,37811,22716
P0318,2025-04-13,Image,24,12,371,1181,494,341,8511,8853,23228
P0319,2024-01-20,Image,28,14,19995,738,426,1339,31689,33136,23484
P0320,2024-01-26,Image,9,3,18255,210,1201,1124,29619,36200,23276
P0321,2025-04-09,Video,38,12,10716,459,918,243,14933,26784,23178
P0322,2024-07-11,Reel,10,23,4461,1301,1451,489,13270,19587,23836
P0323,2024-02-19,Reel,6,19,7169,1922,1317,11,17316,34226,23334
P0324,2024-04-04,Image,17,23,17404,1264,1875,1262,25062,35150,23542
P0325,2024-05-27,Story,47,14,3530,1880,150,560,10540,23486,23366
P0326,2024-02-11,Reel,47,28,12776,1768,383,41,23654,40443,23262
P0327,2025-04-08,Reel,15,7,10916,525,1661,677,16179,30746,23539
P0328,2024-03-22,Reel,27,4,2150,1706,1836,593,9395,24263,24074
P0329,2024-01-17,Video,20,28,11792,1972,307,1452,22923,32688,23794
P0330,2024-08-14,Image,35,14,1265,1021,1359,1181,6775,19241,23737
P0331,2024-11-03,Video,15,3,2133,960,1969,1239,15539,33769,24014
P0332,2025-08-02,Reel,20,11,245,1859,745,1485,9851,27713,24426
P0333,2025-03-13,Image,12,12,14369,730,891,133,24622,35209,23804
P0334,2025-02-20,Image,8,1,7932,1018,374,1090,16966,17737,24219
P0335,2024-04-02,Image,44,26,14386,505,1031,1030,19548,35848,24122
P0336,2024-11-16,Image,8,18,2732,121,1364,947,14559,23329,24605
P0337,2025-06-22,Story,29,18,4594,390,128,72,12088,23181,23865
P0338,2025-03-27,Reel,7,3,15252,1372,1014,398,21867,35670,24677
P0339,2024-09-29,Video,36,3,9255,588,1799,1428,21032,21225,24007
P0340,2024-02-21,Image,7,25,10526,399,668,577,17775,19782,24921
P0341,2024-04-22,Video,31,10,10333,1092,1375,858,17136,34705,24418
P0342,2024-08-13,Video,33,26,1928,1745,1381,129,8522,27300,24549
P0343,2025-04-22,Image,36,4,12360,725,516,930,18415,29605,24370
P0344,2025-04-22,Video,23,19,9230,76,1518,1489,13498,23482,24254
P0345,2024-02-28,Video,25,10,4905,1817,85,1229,16067,25369,24976
P0346,2025-01-06,Reel,9,29,906,278,1198,265,7430,14859,25119
P0347,2025-08-06,Reel,22,9,8302,1348,1825,792,20503,22764,24431
P0348,2025-01-12,Image,32,7,1968,342,1216,252,11988,18704,24598
P0349,2025-05-18,Video,46,5,14661,1394,310,821,19305,28226,25202
P0350,2024-07-14,Reel,26,5,15612,1523,1142,1312,26957,31335,25163
